name,city,state,owner_name,owner_credential,services,google_review_count,google_star_rating,phone,website,instagram_handle,gbp_url,notes
Skin Bar,Austin,TX,Julie Bennett,FNP/RN,"Botox, fillers, lasers, IV, microneedling",unknown,unknown,512-676-5853,https://www.skinbartexas.com/,@skinbaraustin,unknown,"NP+RN, established 2014, single Circle Drive location"
Vital Luxe,Lubbock,TX,Desiree L. Martinez,"MSN, APRN, FNP-C","Botox, filler, microneedling, PRP, IV",~359 (Birdeye),4.9,(806) 589-8923,https://vitalluxe-aestheticsbest.com/,unknown,unknown,"NP-owned but high review count - probably outside 5-50 band; only include if relaxing criteria"
My Best Face Forward (MYBFF),San Antonio,TX,Tara Rodriguez,"RN, BSN","Botox, fillers, Sculptra, PRP, microneedling, IV",unknown,unknown,(210) 504-7266,https://mybffmedspa.com/,@mybffmedspa,unknown,"RN-owned single Blanco Rd location"
HTX Aesthetics,Katy,TX,Ally Verheul,"RN, BSN, CANS","Neurotoxins, dermal fillers, medical skincare",unknown,unknown,832-841-4043,https://htx-aesthetics.com/,@htx_aesthetics_ally,unknown,"CANS-certified RN, single Westheimer Pkwy location"
Injectology2,Tyler,TX,Kimberly Brown,Master Nurse Injector,"Microneedling, fillers, neurotoxins, B12",unknown,unknown,(903) 308-3898,https://injectology2.com/,@injectology2,unknown,"Single location, RN injector"
BCRN Aesthetics,Houston,TX,Bri Collins,"BSN, RN","Botox, fillers, hydrafacial, microneedling",unknown,unknown,unknown,https://www.bcrnaesthetics.com/,@bcrnaesthetics,unknown,"RN-owned w/ MD medical director, single Washington Ave location"
Dulce Vida Wellness & Beauty,Lake Worth (Fort Worth metro),TX,Maribel Montes Person,"RN, BSN","Botox, fillers, neurotoxins",unknown,unknown,(817) 727-5333,https://www.dulcevidabeauty.com/,@dulcevidabeautynurse,unknown,"RN injector inside Salon and Spa Galleria suite #409 - very small new operator"
Centurion Injects & IV Drips,Humble (Houston metro),TX,Anna Centurion,"MSN, AGACNP-BC","Botox, Dysport, fillers, Kybella, Sculptra, PDO threads",unknown,unknown,281-570-6408,https://centurioninjects.com/,@centurion_injects,unknown,"NP-owned, bilingual"
Coastal Health & Medical Spa,Jacksonville,FL,Olivia,DNP NP,"Botox, fillers, hydrafacial, microneedling, PRP, weight loss",~54,5.0,(904) 257-3232,https://coastalmedicalspa.com/,@coastalhealthmedicalspa,unknown,"Just over 5-50 band but excellent ICP fit - flag as borderline"
Boutiq Medical Clinic,Orlando,FL,Karen Buckalew,"MN, APRN-C, MSCP","Botox, fillers, BBL Hero, Moxi, Emface, Exion",~43 (Chamber),5.0,(407) 777-2449,https://boutiqclinic.com/,unknown,unknown,"NP-owned single Virginia Drive location"
Erasable Med Spa,Tampa,FL,Loretta Nguyen Zanetti,APRN,"Tattoo removal, Botox, fillers, lasers, body sculpting",~419 Google,4.9,813-333-9971,https://erasablemedspa.com/,@erasablemedspa,unknown,"Well over 50 - established, only useful if relaxing criteria"
SLAE Aesthetics,Tampa,FL,Ashley Barton & Stephanie McQuillan,Two NPs (twin sisters),"Botox, fillers, lasers, hair restoration, weight loss",~77 (multi-platform),unknown,813-418-0861,https://www.slaeaesthetics.com/,@slaeaesthetics,unknown,"NP twin sisters, single Swann Ave location"
Inside Out Aesthetics & Wellness,Wesley Chapel,FL,Tracy,FNP-C,"Botox, fillers, biostimulators, weight loss, HRT, hydrafacials",~154 (multi-platform),5.0,813-602-6100,https://insideout-aesthetics.com/,@inside_out_aesthetics_wellness,unknown,"NP-owned single Cashford Cir location"
Laceleaf MedSpa,Wesley Chapel,FL,Desiree Lamb,NP,"Botox, fillers, lasers, RF microneedling, HRT, IV",unknown,unknown,813-705-7277,https://laceleafmedspa.com/,@laceleafmedspa,unknown,"NP-led single Post Oak Blvd location"
Injections and Co.,Sarasota,FL,Alison Chafin,APRN-C,"Botox, fillers, lasers, microneedling, GLP-1, PRP",unknown,unknown,(941) 226-4811,https://www.injectionsandco.com/,@allie_c_np,unknown,"NP-owned inside Phenix Salon Suites - very boutique"
Injection Perfection Medical Spa,Boca Raton,FL,Desirae Lymber,"APRN, FNP-BC","Botox, fillers, Sculptra, Morpheus8, microneedling, weight loss",~166,5.0,561-266-4150,https://www.injection-perfection.com/,@injection_perfection,unknown,"NP-owned single location - over band but excellent operator"
Rewind Beauty Bar,Fort Myers,FL,Eileen,Board Certified NP,"Injectables, facials, microneedling, body contouring, HRT, weight loss",unknown,unknown,239.940.3418,https://www.rewindbeautybar.com/,@rewindbeautybar,unknown,"NP-owned single downtown Fort Myers location"
LUX Injectables,Clearwater,FL,Jessica Manges,Master injector (cred not stated),"PDO threads, Botox, Dysport, fillers, Kybella, microneedling",unknown,unknown,(727) 698-8225,https://luxinjectables.com/,@luxinjectables,unknown,"Verify owner credential before outreach (NP/RN not explicitly stated on site)"
Curated Medical,Scottsdale,AZ,Katie Mann,"DNP, FNP-C","Botox, Dysport, Daxxify, fillers, Kybella, lasers, weight loss",98,5.0,480-826-1139,https://curatedmed.com/,@curatedmedical,https://www.google.com/maps?cid=1779841674681793478,"NP-owned single location - over 50-review band but otherwise perfect ICP"
The Skin Shop Medspa,Scottsdale,AZ,Cyndie Nohr & Shelly Stump,Two RNs,"Botox, Juvederm, Kybella, PRP, RF microneedling, IPL, sexual health",unknown,unknown,(480) 948-1759,https://theskinshopmedspascottsdale.com/,unknown,unknown,"RN co-owned single N. Scottsdale Rd location"
Tulua Medspa,Gilbert,AZ,Shantel White,"DNP, FNP-C","Facial balancing, Botox, fillers, BHRT, weight loss, IV",~38 (InjectorIndex),5.0,(480) 485-4975,https://tuluamedspa.com/,@tuluamedspa,unknown,"NP-owned, single Lindsay Rd location (verify whether tuluahouston.com domain = expansion)"
Wood Aesthetics Health & Wellness,Gilbert,AZ,Lindsey Wood,Board Certified NP,"Botox, fillers, microneedling, IV therapy, weight loss, peels",~40 (Birdeye),5.0,(623) 562-9939,https://www.woodaestheticshealthandwellness.com/,@woodaestheticshealthwellness,unknown,"NP-owned single location inside L'mage Studios - likely in 5-50 Google band"
The Derm Lab Rx,Sun Lakes,AZ,Christina Kang,"RN, BSN, CANS","Botox, fillers, peels, RF microneedling, PDO threads",~98 Google,5.0,480-616-3001,https://dermlabrx.com/,@thedermlabrx,unknown,"RN/CANS single location - over band but very strong fit"
Lavish Beauty RN,Tempe,AZ,Nancy Park,"RN, BSN","Botox, Dysport, fillers, microneedling, peels, Sculptra, Rejuran",~27 (Yelp),unknown,480-933-2328,https://www.lavishrn.com/,@lavishbeautyrn,unknown,"RN-owned single Elliot Rd location - likely sub-50 Google"
Emily Frost Aesthetics,Mesa,AZ,Emily Frost,"RN, Licensed Aesthetician","BBL, microneedling, fillers, Botox, Kybella, lasers, PRP, Sculptra",unknown,unknown,480-389-6579,https://emilyfrostaesthetics.com/,@emilyfrostaesthetics,unknown,"RN injector single Mesa location"
The Collective Medspa,Goodyear,AZ,Rendee Pfeifle,"RN, BSN","Botox, lip and cheek filler, microneedling",unknown,unknown,602-708-2992,https://www.thecollectivemedspa.com/,@thecollectivemedspa,unknown,"RN-owned tiny studio inside Luxe Spa & Salon - newer, likely sub-50"
Bleu MedSpa,Litchfield Park,AZ,Katie Dalessi,RN,"Botox, Juvederm, Skinvive, facials, microneedling",unknown,unknown,(602) 480-2951,https://www.thebleumedspa.com/,@bleu_medspa,unknown,"RN-owned single location"
Phoenix Med Spa,Phoenix,AZ,Natalie Glasgow & Kesh Hecker,"RN, BSN; RMA","Botox, Daxxify, fillers, body contouring, IPL, peels, weight loss",unknown,unknown,unknown,https://phoenixmedspa.net/,@phoenixmedspa2024,unknown,"RN-led, opened February 2024 - prime sub-50 ICP target"
Breeze Med Spa,Chandler,AZ,unknown (verify),likely RN team,"Botox, fillers, microneedling, peels, RF, IV, weight loss",unknown,unknown,(480) 852-5803,https://breezemedspaaz.com/,@breezemedspaaz,unknown,"Owner not disclosed on site - verify before outreach"
Giovanni Med Spa,Gilbert,AZ,Brittany,Nurse,"Botox, Dysport, Juvederm, Kybella, Sculptra, body contouring",~32 (Yelp),unknown,(480) 714-8686,https://giovannimedspa.com/,@giovannimedspa,unknown,"Nurse-led single Val Vista location"
Esthetic Finesse,Paradise Valley,AZ,Diane Howard,RN,"Botox, fillers, Kybella, PDGF microneedling, PRP, Sculptra",500+ Google,5.0,(480) 908-9695,https://estheticfinesse.com/,@estheticfinesse,unknown,"RN-owned but 500+ reviews - well established"
Gizel Atlanta,Tucker (Atlanta metro),GA,Nurse Fola,"MSN, RN, FNP-s","Aerolase laser, microneedling, hydrafacial, Botox, fillers, peels",32,5.0,770-609-8369,https://gizelatl.com/,@gizelatlanta,unknown,"NP-led single Lavista Rd location - confirmed in 5-50 Google band"
Conqr Aesthetics & Wellness,Atlanta (Buckhead),GA,Brandi Milton,"MSN, NP-C","Injectables, IV therapy, lasers, wellness",unknown,unknown,(404) 446-9566,https://www.conqraesthetics.com/,@conqraesthetics,unknown,"NP-owned single Paces Ferry Rd location"
Flawless Skin Boutique,Atlanta (Buckhead),GA,Cindy Collins,"NP-C, MSN","Botox, fillers, microneedling, HIFU, plasma pen, weight loss",unknown,unknown,678-263-2777,https://www.flawless-skin-boutique.com/,@flawlessskinboutiqueatlanta,unknown,"NP-owned single Andrews Drive location"
Radiant & Renewed Aesthetics,Roswell,GA,Christina Roach,Nurse Anesthetist (CRNA),"Botox, fillers, microneedling, Diamond Glow, peels, RF microneedling, weight loss, HRT",~277 Google,5.0,(404) 326-0961,https://radiantandrenewed.com/,@radiant_renewed_aesthetics,unknown,"CRNA-owned but 277 reviews - well established"
Aesthetics Rox,Marietta (East Cobb),GA,Roxanna Barzegar,"NP-C, dual MSN Family + Psychiatric","Botox, fillers, Dysport, VI Peel, lip flip, neck/jawline, masseter",unknown,unknown,unknown,https://www.aestheticsrox.com/,@roxanna_bzg,unknown,"NP-owned newer business inside The Summit - likely sub-50 reviews"
Enhanced Aesthetics and Wellness,Marietta,GA,Gina Gatti & Erica Gentile,"CRNA + FNP-C","Botox, Xeomin, Dysport, fillers, PRP microneedling, VI Peel, hair rejuvenation",unknown,unknown,770-485-1755,https://www.enhancedaestheticsandwellness.com/,@enhanced_aesthetics_wellness,unknown,"CRNA + NP co-owned single Church St location"
Aesthetically Savy,Savannah,GA,Savannah C. Rogers,"DNP, APRN, FNP-C","Botox, Juvederm, lip/chin/cheek filler, microneedling, PRP, peptides",39,5.0,(912) 472-1144,https://aestheticallysavy.com/,@aestheticallysavy,https://goo.gl/maps/cnWkf9zGmbrESoV57,"NP-owned single Waters Ave location - confirmed in 5-50 Google band"
Inject Savannah,Savannah,GA,Kelly Rogers,NP-C,"Neurotoxins, fillers, peels, Diamond Glow, PRP, microneedling, BBL, IV",unknown,unknown,(912) 328-1075,https://injectsavannah.com/,@inject_savannah_medical_spa,unknown,"NP-owned single Bull St location"
Sumner Aesthetics,Evans (Augusta metro),GA,Melissa Sumner,NP,"Botox, Dysport, Xeomin, Daxxify, fillers, peels, PRP, weight loss, hair restoration",~11 (FB),unknown,(706) 421-7325,https://sumneraesthetics.com/,@sumneraesthetics_,unknown,"NP-owned single Ponder Place location - likely sub-50 Google"
Toxxology,Nashville (East),TN,Kaley & Jessica,Nurse injectors (cred not specified on site),"Botox, Daxxify, fillers, microneedling, lasers, PRP, peptides, IV",~115 (Birdeye),5.0,615-436-8699,https://www.toxxology.com/,@toxxology,unknown,"Nurse-founded single Fatherland St location - over band but flagship East Nashville"
Elevate Medical Spa,Nashville,TN,Aspen Crew,"BSN, RN","Injectables, Helix CO2 laser, microneedling, hydrafacial, peels, wellness shots",unknown,unknown,(615) 425-6340,https://elevatemedispa.com/,@elevatemedispa,unknown,"RN-founded single Robertson Ave location"
A Prestige Aesthetics & Wellness,Franklin,TN,Andrea Pryor,WHNP-BC,"Botox, fillers, biostimulators, CO2 laser, HRT, weight loss, microneedling",133,5.0,(615) 996-2140,https://aprestigeaesthetics.com/,@apsaesthetics,unknown,"NP-owned single Autumn Springs location - over band"
American Aesthetics,Brentwood,TN,Lyssa Max,FNP-C,"Botox, dermal fillers, facial contouring, microneedling, laser hair removal",unknown,unknown,(615) 969-7497,https://www.theamericanaesthetic.com/,@americanaesthetics_tn,unknown,"NP-owned single Concord Hills location - small focused practice"
Skin Space Aesthetics,Murfreesboro,TN,Lindsi Cutter (founder); Jasmine Wheeler RN injector,RN-led,"Botox, Dysport, fillers, microneedling, peels, dermaplaning, B12",~22 (Birdeye),5.0,(615) 396-8706,https://www.skinspacetn.com/,@skinspacetn,unknown,"RN-led single Luke Ct location - confirmed in 5-50 band"
Skin Perfect Aesthetics & Wellness,Murfreesboro,TN,Carla Trail,"NP, MSN, DCNP","Botox, Daxxify, Dysport, Xeomin, Jeuveau, fillers, microneedling, CO2 laser, weight loss",~55 (Birdeye),unknown,(615) 632-3151,https://www.skinperfectaw.com/,@skinperfectaw,unknown,"NP-owned single Memorial Blvd location - just over band"
De La Belle Wellness & Spa,Memphis,TN,Renee Pinlac,"MSN, FNP","Botox, Juvederm, lasers, IV therapy, hydrafacial, weight loss, PRP, HRT",~114 (Birdeye),4.8,901-433-9024,https://delabelle.net/,@delabellewellness,unknown,"NP-owned single Poplar Ave location - over band"
The Aesthetic Company,Knoxville,TN,Nicole Cox,FNP-C,"Botox, Dysport, fillers, microneedling, PRP, Sculptra, lasers, IPL, peels, weight loss",~97 (Birdeye),5.0,865-748-8337,https://theaecompany.com/,@theaestheticcompany.knoxville,unknown,"NP-owned single Kingston Pike location - over band"
Create Medical Aesthetics,Knoxville,TN,Veronica Garza,"RN, CANS, Licensed Aesthetician","Neuromodulators, fillers, Sculptra, Kybella, microneedling, PRP hair, lasers, peels",unknown,unknown,unknown,https://createmedspa.com/,unknown,unknown,"RN-owned single location, 17+ years operation"
Jessica Ellam Aesthetics,Knoxville,TN,Jessica Ellam,not yet confirmed,"Botox, facials, fillers, hormone, weight loss",unknown,unknown,unknown,https://jessicaellamaesthetics.com/,unknown,unknown,"Owner credential not yet confirmed (site blocked) - verify before outreach"
